subj_id,subj_name
01100002,การเขียนแบบเครื่องกลด้วยคอมพิวเตอร์
0111-0001,งานซ่อมบำรุงรักษาเบื้องต้น
1001 2001,คอมพิวเตอร์และสารสนเทศเพื่องานอาชีพ
1001-0001,คอมพิวเตอร์เบื้องต้น
1081002,การเขียนแบบก่อสร้าง 2
1100 1001,เขียนแบบเทคนิคเบื้องต้น
1100 1006,งานไฟฟ้าและอิเล็กทรอนิกส์เบื้องต้น
1100 1007,งานถอดประกอบเครื่องกลเบื้องต้น
1100-0001,การเขียนแผนธุรกิจเบื้องต้น
1100-0002,เบเกอรี่ ขนมอบ
1100-0003,การเพ้นท์เสื้อด้วยสีชอล์ค
1100-0004,การผูกผ้าในงานพิธีต่าง ๆ
1100-1001,เขียนแบบเทคนิคเบื้องต้น
1100-1003,ไฟฟ้าและอิเล็กทรอนิกส์เบื้องต้น
1100-1006,งานเครื่องยนต์เบื้องต้น
1100-1007,งานถอดประกอบเครื่องกลเบื้องต้น
1100-1303,อาหารคาวไทย
1100-9100,ออกแบบและเทคโนโลยี
1101-1101,ช่างซ่อมรถจักรยานยนต์
1101-1201,ช่างบริการรถจักรยานยนต์
1102 2001,เขียนแบบเครื่องมือกล 1
1102-0001,งานกัดแผ่นโลหะ
1103-0001,งานตัดลายกระจกด้วยน้ำยา
1103-0002,กัดลายกระจก
1103-0003,เลี่ยมกรอบพระพลาสติก
1103-0004,การทำมุ้งลวด
1103-1102,งานเชื่อมงานผลิตภัณฑ์ (ชั้นวางของ)
1104-0002,โคมไฟตั้งโต๊ะ
1104-0003,ทำกรอบพระพลาสติก
1104-0004,การเขียนโฮมเพจเบื้องต้น
1104-0005,การเดินสายไฟฟ้าในอาคาร
1104-0006,การซ่อมบำรุงคอมพิวเตอร์และอุปกรณ์เบื้องต้น
1104-0007,การวิเคราะห์เครือข่าย
1104-0008,พวงกุญแจเคลือบ PVC
1104-1102,การโปรแกรมหุ่นยนต์อุตสาหกรรม ระดับพื้นฐาน
1104-1401,การติดตั้งและบำรุงรักษางานในระบบไฟฟ้าแรงสูง
1104-2301,ช่างติดตั้งไฟฟ้าในอาคาร
1105 2118,การเขียนโปรแกรมคอมพิวเตอร์
1105 2121,หุ่นยนต์เบื้องต้น
1105 5333,งานควบคุมหุ่นยนต์การผลิตในงานอุตสาหกรรม
1105-2204,ช่างติดตั้งเครื่องรับสัญญาณดาวเทียม
1106-0001,ช่างเฟอร์นิเจอร์
1106-0002,ทำหุ่นจำลองกระดาษ
1111-0001,อัดกรอบวิทยาศาสตร์
1306-1101,ทฤษฏีดนตรีสากลเบื้องต้น
2000 1101,ภาษาไทยพื้นฐาน
2000 1102,ภาษาไทยเพื่ออาชีพ
2000 1103,ภาษาไทยธุรกิจ
2000 1104,การพูดในงานอาชีพ
2000 1105,การเขียนในงานอาชีพ
2000 1106,ภาษาไทยเชิงสร้างสรรค์
2000 1201,ภาษาอังกฤษในชีวิตจริง 1
2000 1202,ภาษาอังกฤษในชีวิตจริง 2
2000 1203,ภาษาอังกฤษฟัง-พูด 1
2000 1204,ภาษาอังกฤษฟัง-พูด 2
2000 1205,การอ่านสื่อสิ่งพิมพ์ในชีวิตประจำวัน
2000 1206,การเขียนในชีวิตประจำวัน
2000 1207,ภาษาอังกฤษเทคนิคสำหรับงานช่าง
2000 1301,วิทยาศาสตร์เพื่อพัฒนาทักษะชีวิต
2000 1302,วิทยาศาสตร์เพื่อพัฒนาอาชีพช่างอุตสาหกรรม
2000 1303,วิทยาศาสตร์เพื่อพัฒนาอาชีพและบริการ
2000 1306,โครงงานวิทยาศาสตร์
2000 1401,คณิตศาสตร์พื้นฐาน
2000 1402,คณิตศาสตร์พื้นฐานอาชีพ
2000 1403,คณิตศาสตร์อุตสาหกรรม 1
2000 1404,คณิตศาสตร์อุตสาหกรรม 2
2000 1405,เรขาคณิตวิเคราะห์และแคลคูลัสเบื้องต้น
2000 1406,คณิตศาสตร์พาณิชยกรรม
2000 1501,หน้าที่พลเมืองและศีลธรรม
2000 1502,ทักษะชีวิตและสังคม
2000 1503,ภูมิศาสตร์และประวัติศาสตร์ไทย
2000 1504,อาเซียนศึกษา
2000 1505,เหตุการณ์ปัจจุบัน
2000 1506,วัฒนธรรมอาเซียน
2000 1507,ประวัติศาสตร์ชาติไทย
2000 1601,พลศึกษาเพื่อพัฒนาสุขภาพ
2000 1602,ทักษะชีวิตในการพัฒนาสุขภาพ
2000 1603,การออกกำลังกายเพื่อเสริมสร้างสมรรถนภาพในการทำ
2000 1606,การจัดระเบียบชีวิตเพื่อความสุข
2000 1607,เพศวิถีศึกษา
2000 2001,กิจกรรมลูกเสือวิสามัญ 1
2000 2002,กิจกรรมลูกเสือวิสามัญ 2
2000 2003,กิจกรรมองค์การวิชาชีพ 1
2000 2004,กิจกรรมองค์การวิชาชีพ 2
2000 2005,กิจกรรมองค์การวิชาชีพ 3
2000 2006,กิจกรรมองค์การวิชาชีพ 4
2000 9201,ภาษาอังกฤษปรับพื้นฐาน
2000 9202,ภาษาอังกฤษอินเทอร์เน็ต
2000 9203,ภาษาอังกฤษสมัครงาน
2000 9204,ภาษาอังกฤษโครงงาน
2000 9205,ศัพท์เทคนิคภาษาอังกฤษ
2000 9206,ภาษาจีนเพื่อการสื่อสาร 1
2000*2001,กิจกรรมร่วมสถานประกอบการ
2000*2002,กิจกรรมร่วมสถานประกอบการ
2000*2003,กิจกรรมร่วมสถานประกอบการ
2000*2004,กิจกรรมร่วมสถานประกอบการ
2000-7001,การฝึกงาน
2001 1001,ความรู้เกี่ยวกับงานอาชีพ
2001 1002,การเป็นผู้ประกอบการ
2001 1003,พลังงานและสิ่งแวดล้อม
2001 1004,อาชีวอนามัยและความปลอดภัย
2001 1006,กฎหมายแรงงาน
2001 2001,คอมพิวเตอร์และสารสนเทศเพื่องานอาชีพ
2101 2001,งานเครื่องยนต์แก๊สโซลีน
2101 2002,งานเครื่องยนต์ดีเซล
2101 2003,งานส่งกำลังรถยนต์
2101 2004,งานเครื่องล่างรถยนต์
2101 2005,งานไฟฟ้ารถยนต์
2101 2006,เชื้อเพลิงและวัสดุหล่อลื่น
2101 2007,กลศาสตร์เครื่องกล
2101 2008,เครื่องทำความเย็นและปรับอากาศ
2101 2009,งานเขียนแบบและอ่านแบบเครื่องกล
2101 2101,งานเครื่องยนต์เล็ก
2101 2102,งานจักรยานยนต์
2101 2103,งานปรับอากาศรถยนต์
2101 2104,งานบำรุงรักษารถยนต์
2101 2105,งานขับรถยนต์
2101 2106,งานวัดละเอียดช่างยนต์
2101 2107,คณิตศาสตร์ยานยนต์
2101 2108,กลศาสตร์ยานยนต์
2101 2109,งานระบบฉีดเชื้อเพลิงอิเล็กทรอนิกส์
2101 2110,งานไฟฟ้าและอิเล็กทรอนิกส์ควบคุมรถยนต์
2101 2111,งานตัวถังและพ่นสีรถยนต์
2101 2112,การจัดการศูนย์บริการรถยนต์
2101 2113,งานประดับยนต์
2101 2114,งานทดสอบปั๊มและหัวฉีดเครื่องยนต์
2101 2115,งานบริการรถยนต์ 1
2101 2116,งานบริการรถยนต์ 2
2101 2117,งานบริการรถยนต์ 3
2101 2501,งานตัวถังรถยนต์เบื้องต้น
2101 2502,งานเคาะขึ้นรูปตัวถังรถยนต์
2101 2503,งานสีรถยนต์เบื้องต้น
2101 2504,งานเตรียมผิวงานและพ่นสีรถยนต์
2101 2505,งานเชื่อมตัวถังรถยนต์
2101 2506,งานซ่อมตัวถังรถยนต์
2101 2507,งานตัดเปลี่ยนชิ้นส่วนตัวถังรถยนต์
2101 2508,งานสีโซลิด
2101 2509,งานสีเมทัลลิก
2101 2510,งานสีพิเศษ
2101 2511,งานพลาสติกและไฟเบอร์กลาสรถยนต์
2101 2512,งานบำรุงรักษาตัวถังและสีรถยนต์
2101 5101,ปฏิบัติงานยานยนต์ 1
2101 5102,ปฏิบัติงานยานยนต์ 2
2101 5103,ปฏิบัติงานยานยนต์ 3
2101 5104,ปฏิบัติงานยานยนต์ 4
2101 5501,ปฎิบัติงานตัวถังและสีรถยนต์ 1
2101 5502,ปฎิบัติงานตัวถังและสีรถยนต์ 2
2101 5503,ปฏิบัติงานตัวถังและสีรถยนต์ 3
2101 5504,ปฎิบัติงานตัวถังและสีรถยนต์ 4
2101 5505,ปฏิบัติงานตัวถังและสีรถยนต์ 5
2101 5506,ปฎฺบัติงานตัวถังและสีรถยนต์ 6
2101 8001,ฝึกงาน
2101 8002,ฝึกงาน 1
2101 8003,ฝึกงาน 2
2101 8501,โครงการ
2101 8502,โครงการ 1
2101 8503,โครงการ 2
2101 9001,งานเครื่องมือกลช่างยนต์
2101 9002,งานแก๊สรถยนต์
2101 9003,การขับขี่รถจักรยานยนต์
2101 9004,งานซ่อมเครื่องยนต์เบื้องต้น
2101 9005,งานปรับแต่งเครื่องยนต์เบื้องต้น
2101 9006,การผลิตชิ้นส่วนยานยนต์
2101 9007,พลังงานทดแทน
2102 2001,เขียนแบบเครื่องมือกล 1
2102 2002,เขียนแบบด้วยโปรแกรมคอมพิวเตอร์
2102 2003,ทฤษฎีเครื่องมือกล
2102 2004,วัดละเอียด
2102 2005,คณิตศาสตร์เครื่องมือกล
2102 2006,กลศาสตร์เครื่องมือกล
2102 2007,กรรมวิธีการผลิต
2102 2008,ผลิตชิ้นส่วนด้วยเครื่องมือกล 1
2102 2009,โปรแกรมเอ็นซีพื้นฐาน
2102 2010,อุปกรณ์นำคมตัดและอุปกรณ์จับยึด
2102 2011,อบชุบโลหะ
2102 2101,เขียนแบบเครื่องมือกล 2
2102 2102,ผลิตชิ้นส่วนด้วยเครื่องมือกล 2
2102 2103,ผลิตชิ้นส่วนด้วยเครื่องมือกล 3
2102 2104,ซ่อมบำรุงเครื่องมือกล
2102 2105,ลับคมเครื่องมือตัด
2102 2106,ปรับ ประกอบชิ้นส่วนเครื่องมือกล
2102 2107,หล่อโลหะ
2102 2108,ชุบเคลือบผิวโลหะ
2102 2109,ผลิตชิ้นส่วนด้วยเครื่องมือกลซีเอ็นซี
2102 2110,ระบบส่งกำลังเครื่องมือกล
2102 2201,แม่พิมพ์โลหะเบื้องต้น
2102 2202,เขียนแบบแม่พิมพ์โลหะ
2102 2203,ผลิตชิ้นส่วนแม่พิมพ์โลหะ
2102 2204,ผลิตแม่พิมพ์ตัด
2102 2205,ผลิตแม่พิมพ์ขึ้นรูป
2102 2206,ผลิตแม่พิมพ์แบบต่อเนื่อง
2102 2207,ปั๊มโลหะเบื้องต้น
2102 2208,ซ่อมบำรุงแม่พิมพ์โลหะ
2102 2301,แม่พิมพ์พลาสติกเบื้องต้น
2102 2302,ฉีดพลาสติกเบื้องต้น
2102 2303,เขียนแบบแม่พิมพ์พลาสติก
2102 2304,ผลิตชิ้นส่วนแม่พิมพ์พลาสติก
2102 2305,ผลิตแม่พิมพ์ฉีด
2102 2306,ผลิตแม่พิมพ์เป่า
2102 2307,ผลิตแม่พิมพ์อัด
2102 5101,ปฎิบัติงานเครื่องมือกล 1
2102 5102,ปฏฺิบัติงานเครื่องมือกล 2
2102 5103,ปฏฺิบัติงานเครื่องมือกล 3
2102 5104,ปฏิบัติงานเครื่องมือกล 4
2102 5105,ปฏฺิบัติงานเครื่องมือกล 5
2102 5106,ปฏิบัติงานเครื่องมือกล 6
2102 5201,ปฏิบัติงานแม่พิมพ์โลหะ 1
2102 5202,ปฏิบัติงานแม่พิมพ์โลหะ 2
2102 5203,ปฏิบัติงานแม่พิมพ์โลหะ 3
2102 5204,ปฏฺิบัติงานแม่พิมพ์โลหะ 4
2102 5205,ปฏิบัติงานแม่พิมพ์โลหะ 5
2102 5206,ปฏิบัติงานแม่พิมพ์โลหะ 6
2102 8001,ฝึกงาน
2102 8002,ฝึกงาน 1
2102 8003,ฝึกงาน 2
2102 8501,โครงการ
2102 8502,โครงการ 1
2102 8503,โครงการ 2
2103 1001,งานเชื่อมโลหะเบื้องต้น
2103 2001,งานเชื่อมไฟฟ้า 1
2103 2002,งานเชื่อมไฟฟ้า 2
2103 2003,งานทดสอบแบบทำลายสภาพ
2103 2004,งานทดสอบแบบไม่ทำลายสภาพ
2103 2005,งานเชื่อมอาร์กทังสเตนแก๊สคลุม 1
2103 2006,งานเชื่อมอาร์กโลหะแก๊สคลุม 1
2103 2007,เขียนแบบช่างเชื่อมโลหะ
2103 2008,กระบวนการเชื่อม
2103 2009,คณิตศาสตร์ช่างเชื่อม
2103 2010,กลศาสตร์เครื่องกล
2103 2011,งานผลิตภัณฑ์และโลหะแผ่น 1
2103 2012,เขียนแบบโดยใช้โปรแกรมคอมพิวเตอร์
2103 2101,กรรมวิธีการผลิตโลหะภัณฑ์
2103 2102,งานออกแบบผลิตภัณฑ์
2103 2103,งานผลิตภัณฑ์และโลหะแผ่น 2
2103 2104,งานปั๊มขึ้นรูปโลหะ
2103 2105,งานท่อภายในอาคาร
2103 2106,โลหะวิทยาเบื้องต้น
2103 2107,งานพลาสติก
2103 2108,งานชุบเคลือบผิวโลหะ
2103 2109,งานระบบท่อส่งความเย็น
2103 2110,งานผลิตภัณฑ์อะลูมิเนียม
2103 2111,วัสดุช่างเชื่อม
2103 2112,งานสี
2103 2113,งานเชื่อมไฟฟ้า 3
2103 2114,งานเชื่อมซ่อมบำรุง
2103 2201,งานเชื่อมอาร์กทังสเตนแก๊สคลุม 2
2103 2202,งานเชื่อมอาร์กโลหะแก๊สคลุม 2
2103 2203,เขียนแบบโครงสร้าง
2103 2204,งานโครงสร้าง
2103 2205,การออกแบบรอยต่องานเชื่อม
2103 2206,ความแข็งแรงของวัสดุ
2103 2207,มาตรฐานงานเชื่อมเบื้องต้น
2103 2208,งานท่อ
2103 2209,งานเชื่อมแก๊ส
2103 8001,ฝึกงาน
2103 8002,ฝึกงาน 1
2103 8003,ฝึกงาน 2
2103 8501,โครงการ
2103 8502,โครงการ 1
2103 8503,โครงการ 2
2104 2001,เขียนแบบไฟฟ้า
2104 2002,วงจรไฟฟ้ากระแสตรง
2104 2003,วงจรไฟฟ้ากระแสสลับ
2104 2004,เครื่องวัดไฟฟ้า
2104 2005,การติดตั้งไฟฟ้าในอาคาร
2104 2006,เครื่องกลไฟฟ้ากระแสตรง
2104 2007,เครื่องทำความเย็น
2104 2008,มอเตอร์ไฟฟ้ากระแสสลับ
2104 2009,การควบคุมมอเตอร์ไฟฟ้า
2104 2010,การประมาณการติดตั้งไฟฟ้า
2104 2101,กฎและมาตรฐานทางไฟฟ้า
2104 2102,อุปกรณ์อิเล็กทรอนิกส์และวงจร
2104 2103,การติดตั้งไฟฟ้านอกอาคาร
2104 2104,หม้อแปลงไฟฟ้า
2104 2105,เครื่องกำเนิดไฟฟ้ากระแสสลับ
2104 2106,เครื่องปรับอากาศ
2104 2107,ดิจิตอลเบื้องต้น
2104 2108,วงจรไฟฟ้าหลายเฟส
2104 2109,การโปรแกรมและควบคุมไฟฟ้า
2104 2110,อิเล็กทรอนิกส์กำลังเบื้องต้น
2104 2111,งานซ่อมเครื่องใช้ไฟฟ้า
2104 2112,ไมโครคอนโทรเลอร์เบื้องต้น
2104 2113,การส่องสว่าง
2104 2114,เครื่องวัดอุตสาหกรรมและควบคุมเบื้องต้น
2104 2115,เทคนิคการจัดการพลังงาน
2104 2116,เครื่องปรับอากาศในรถยนต์
2104 2117,อุปกรณ์ควบคุมระบบเครื่องทำความเย็นและปรับอากาศ
2104 2118,วงจรพัลส์และสวิตชิง
2104 2119,หุ่นยนต์เบื้องต้น
2104 2120,การเขียนโปรแกรมคอมพิวเตอร์ในงานควบคุม
2104 2121,คณิตศาสตร์ไฟฟ้า
2104 5101,ปฏิบัติงานช่างไฟฟ้ากำลัง 1
2104 5102,ปฏิบัติงานช่างไฟฟ้ากำลัง 2
2104 5103,ปฎิบัติงานช่างไฟฟ้ากำลัง 3
2104 5104,ปฎิบัติงานช่างไฟฟ้ากำลัง 4
2104 5105,ปฎิบัติงานช่างไฟฟ้ากำลัง 5
2104 5106,ปฏิบัติงานช่างไฟฟ้ากำลัง 6
2104 8001,ฝึกงาน
2104 8501,โครงการ
2105 2001,เขียนแบบไฟฟ้าและอิเล็กทรอนิกส์
2105 2002,วงจรไฟฟ้ากระแสตรง
2105 2003,วงจรไฟฟ้ากระแสสลับ
2105 2004,เครื่องมือวัดไฟฟ้าและอิเล็กทรอนิกส์
2105 2005,อุปกรณ์อิเล็กทรอนิกส์และวงจร
2105 2006,วงจรพัลส์และสวิตชิง
2105 2007,วงจรดิจิตอล
2105 2008,เครื่องเสียง
2105 2009,เครื่องรับวิทยุ
2105 2010,เครื่องส่งวิทยุ
2105 2011,เครื่องรับโทรทัศน์
2105 2101,คณิตศาสตร์อิเล็กทรอนิกส์
2105 2102,ระบบเสียง
2105 2103,ระบบภาพ
2105 2104,วงจรไอซีและการประยุกต์ใช้งาน
2105 2105,ไมโครคอนโทรลเลอร์
2105 2106,สายส่งและสายอากาศ
2105 2107,เขียนแบบอิเล็กทรอนิกส์ด้วยคอมพิวเตอร์
2105 2108,ซิลสกรีนและวงจรพิมพ์
2105 2109,งานบริการคอมพิวเตอร์
2105 2110,เครือข่ายคอมพิวเตอร์
2105 2111,อิเล็กทรอนิกส์อุตสาหกรรม
2105 2112,อิเล็กทรอนิกส์กำลัง
2105 2113,โปรแกรมเมเบิลลอจิกคอนโทรล
2105 2114,โทรศัพท์
2105 2115,เครื่องรับ-ส่งวิทยุสื่อสาร
2105 2116,โทรคมนาคมเบื้องต้น
2105 2117,งานบริการอิเล็กทรอนิกส์
2105 2118,การเขียนโปรแกรมคอมพิวเตอร์
2105 2119,เครื่องรับโทรทัศน์ระบบดิจิตอล
2105 2120,การควบคุมระบบนิวเมติกส์และไฮดรอลิกส์
2105 2121,หุ่นยนต์เบื้องต้น
2105 2122,อินเตอร์เฟสเบื้องต้น
2105 2123,ระบบโทรศัพท์เคลื่อนที่
2105 2124,อุปกรณ์อิเล็กทรอนิกส์ในระบบรักษาความปลอดภัย
2105 2125,เครื่องมือวัดอุตสาหกรรม
2105 2126,ระบบเคเบิลทีวี
2105 8001,ฝึกงาน
2105 8501,โครงการ
2106 1001,พื้นฐานงานไม้
2106 1002,พื้นฐานงานปูน
2106 1003,วัสดุก่อสร้างและเทคนิคการทำงาน 1
2106 1004,ความปลอดภัยในงานก่อสร้าง
2106 1005,การสำรวจงานก่อสร้าง 1
2106 1006,กลศาสตร์โครงสร้าง 1
2106 2001,ปฏิบัติงานโครงสร้างอาคาร
2106 2002,อ่านแบบ เขียนแบบงานสถาปัตยกรรม
2106 2003,อ่านแบบ เขียนแบบงานโครงสร้าง
2106 2004,ประมาณราคางานโครงสร้าง
2106 2005,ประมาณราคางานสถาปัตยกรรม
2106 2006,วัสดุก่อสร้างและเทคนิคการทำงาน 2
2106 2007,การสำรวจงานก่อสร้าง 2
2106 2008,หุ่นจำลองโครงสร้าง
2106 2009,งานผลิตผลิตภัณฑ์งานไม้ด้วยเครื่องจักรกล
2106 2010,งานสีและการเคลือบผิว
2106 2101,ปฏิบัติงานส่วนประกอบของอาคาร
2106 2102,งานปูนตกแต่งผิว
2106 2103,งานระบบท่อและสุขภัณฑ์
2106 2104,เขียนแบบโครงสร้างด้วยคอมพิวเตอร์
2106 2105,เขียนแบบสถาปัตยกรรมด้วยคอมพิวเตอร์
2106 2106,คอมพิวเตอร์เพื่องานก่อสร้าง
2106 2107,งานอลูมิเนียมและประมาณราคา
2106 2108,ไฟฟ้าในอาคาร
2106 2109,อุปกรณ์อาคาร
2106 2110,งานเชื่อมเบื้องต้น
2106 2111,กลศาสตร์โครงสร้าง 2
2106 2112,การคำนวณและเขียนแผนที่
2106 2113,คณิตศาสตร์ประยุกต์สำหรับช่างก่อสร้าง
2106 2114,การซ่อมบำรุงรักษาอาคาร
2106 2115,เทคนิคคอนกรีต
2106 2116,ภาพร่างงานก่อสร้าง
2106 2117,ปฏิบัติวิชาชีพช่างก่อสร้าง
2106 6201,ช่างสีอาคาร
2106 8001,ฝึกงาน
2106 8501,โครงการ
2108 1001,พื้นฐานการออกแบบสถาปัตยกรรม
2108 1002,วัสดุก่อสร้าง 1
2108 1003,พฤติกรรมโครงสร้างอาคาร
2108 1004,ความปลอดภัยในงานสถาปัตยกรรม
2108 1005,การสำรวจเพื่อการก่อสร้าง
2108 2001,การออกแบบสถาปัตยกรรม 1
2108 2002,การออกแบบสถาปัตยกรรม 2
2108 2003,การออกแบบสถาปัตยกรรม 3
2108 2004,การเขียนแบบก่อสร้าง 1
2108 2005,การเขียนแบบก่อสร้าง 2
2108 2006,การเขียนแบบก่อสร้าง 3
2108 2007,การเขียนแบบก่อสร้างด้วยคอมพิวเตอร์ 1
2108 2008,ทัศนียภาพและการตกแต่งแบบ
2108 2009,การทำหุ่นจำลอง
2108 2010,การประมาณราคางานก่อสร้าง
2108 2101,การเขียนแบบก่อสร้าง 4
2108 2102,คอมพิวเตอร์เพื่อการออกแบบเบื้องต้น
2108 2103,การเขียนแบบก่อสร้างด้วยคอมพิวเตอร์ 2
2108 2104,การออกแบบเขียนแบบสถาปัตยกรรมภายใน 1
2108 2105,การออกแบบเขียนแบบสถาปัตยกรรมภายใน 2
2108 2106,การออกแบบเขียนแบบภูมิสถาปัตยกรรม
2108 2107,วัสดุก่อสร้าง 2
2108 2108,วัสดุและอุปกรณ์ตกแต่งภายใน
2108 2109,พันธุ์ไม้และอุปกรณ์ตกแต่งสวน
2108 2110,การปฏิบัติงานจัดสวน
2108 2111,การบำรุงรักษาสวน
2108 2112,การเขียนภาพร่าง
2108 2113,สถาปัตยกรรมไทย
2108 2114,การเขียนลายและผลิตภัณฑ์ท้องถิ่น
2108 2115,กฎหมายอาคาร
2108 2116,เทคนิคก่อสร้าง 1
2108 2117,เทคนิคก่อสร้าง 2
2108 2118,กลศาสตร์โครงสร้าง
2108 2119,ระบบไฟฟ้าในอาคาร
2108 2120,ระบบสุขาภิบาลอาคาร
2108 8001,ฝึกงาน
2108 8501,โครงการ
2110 1001,เขียนแบบเครื่องกลเบื้องต้น
2110 2001,การเขียนภาพสเกตซ์
2110 2002,การใช้โปรแกรมสำเร็จรูปในงานเขียนแบบ
2110 2003,การเขียนแบบชิ้นส่วนมาตรฐานด้วยคอมพิวเตอร์
2110 2004,การเขียนแบบชิ้นส่วนเครื่องจักรกลด้วยคอมพิวเตอร์
2110 2005,การเขียนแบบชิ้นส่วนเครื่องมือกลด้วยคอมพิวเตอร์
2110 2006,การเขียนแบบสั่งงานการผลิตด้วยคอมพิวเตอร์
2110 2007,การเขียนแบบแผ่นคลี่
2110 2008,การเขียนแบบนิวแมติกส์และไฮดรอลิกส์ด้วยคอมพิวเตอร์
2110 2009,กลศาสตร์เครื่องกล
2110 2010,โปรแกรมซีเอ็นซีเบื้องต้น
2110 2011,คณิตศาสตร์เครื่องกล
2110 2101,การเขียนแบบโครงสร้างด้วยคอมพิวเตอร์
2110 2102,การเขียนแบบจิ๊กและฟิกซ์เจอร์ด้วยคอมพิวเตอร์
2110 2103,การเขียนแบบแม่พิมพ์โลหะด้วยคอมพิวเตอร์
2110 2104,การเขียนแบบแม่พิมพ์พลาสติกด้วยคอมพิวเตอร์
2110 2105,การเขียนแบบระบบท่ออุตสาหกรรมด้วยคอมพิวเตอร์
2110 2106,การเขียนแบบก่อสร้างด้วยคอมพิวเตอร์
2110 2107,การเขียนแบบท่อและสุขภัณฑ์ด้วยคอมพิวเตอร์
2110 2108,การเขียนแบบไฟฟ้าและอิเล็กทรอนิกส์ด้วยคอมพิวเตอร์
2110 2109,การประมาณราคา
2110 2110,กรรมวิธีการผลิต
2110 2111,งานวัดละเอียด
2110 2112,โลหะวิทยาเบื้องต้น
2110 2113,เทคโนโลยีพลาสติก
2110 2114,งานซ่อมบำรุงเครื่องจักรกล
2110 2115,ระบบปั๊มและท่อในงานอุตสาหกรรม
2110 2116,การเขียนแบบเครื่องจักรกลด้วยคอมพิวเตอร์
2110 2117,การเขียนแบบระบบบำบัดน้ำเสียด้วยคอมพิวเตอร์
2110 2118,การเขียนแบบงานหล่อด้วยคอมพิวเตอร์
2110 8001,ฝึกงาน
2110 8501,โครงการ
2111 2001,เขียนแบบงานซ่อมบำรุง
2111 2002,ชิ้นส่วนเครื่องจักรกล
2111 2003,งานซ่อม สร้าง ชิ้นส่วนเครื่องจักรกล
2111 2004,นิวเมติกส์และไฮดรอลิกส์
2111 2005,การบำรุงรักษา
2111 2006,งานบำรุงรักษาเชิงป้องกัน
2111 2007,งานซ่อมบำรุงเครื่องจักรกล
2111 2008,งานติดตั้งเครื่องจักรกล
2111 2009,การวัดและตรวจสอบในงานบำรุงรักษา
2111 2010,งานระบบท่อในงานอุตสาหกรรม
2111 2101,คณิตศาสตร์เครื่องกล
2111 2102,งานเครื่องทำความเย็นและปรับอากาศ
2111 2103,วัสดุหล่อลื่นในงานอุตสาหกรรม
2111 2104,งานเชื่อมซ่อมบำรุง
2111 2105,งานปรับแต่งชิ้นส่วนเครื่องจักรกล
2111 2106,งานซ่อมบำรุงชิ้นส่วนเครื่องจักรกล
2111 2107,งานเขียนแบบไฟฟ้า
2111 2108,งานบำรุงรักษาเครื่องกลไฟฟ้า
2111 2109,งานส่งกำลังเครื่องจักรกล
2111 2110,งานบำรุงรักษาเครื่องต้นกำลัง
2111 2111,งานซ่อมบำรุงอุปกรณ์ขนถ่ายวัสดุ
2111 2112,งานตรวจสอบวัสดุ
2111 2113,งานสร้างอุปกรณ์นำคมตัดและอุปกรณ์จับยึด
2111 2114,ปฏิบัตินิวเมติกส์และไฮดรอลิกส์
2111 2115,ปฏิบัติงานบำรุงรักษา
2111 2116,ปฏิบัติงานบำรุงรักษาเชิงป้องกัน
2111 2117,ปฏิบัติงานซ่อมบำรุงเครื่องจักรกล
2111 2118,ปฏิบัติงานบำรุงรักษาเครื่องกลไฟฟ้า
2111 5101,ปฎิบัติงานซ่อมบำรุงอุตสาหกรรม 1
2111 5102,ปฎิบัติงานซ่อมบำรุงอุตสาหกรรม 2
2111 5103,ปฎิบัติงานซ่อมบำรุงอุตสาหกรรม 3
2111 5104,ปฎิบัติงานซ่อมบำรุงอุตสาหกรรม 4
2111 5105,ปฎิบัติงานซ่อมบำรุงอุตสาหกรรม 5
2111 5106,ปฎิบัติงานซ่อมบำรุงอุตสาหกรรม 6
2111 8001,ฝึกงาน
2111 8501,โครงการ
2119 2104,การสื่อสารดาวเทียม
2128 1001,เขียนแบบอิเล็กทรอนิกส์ด้วยคอมพิวเตอร์
2128 1002,คณิตศาสตร์คอมพิวเตอร์
2128 1003,วงจรไฟฟ้า
2128 1004,อุปกรณ์อิเล็กทรอนิกส์และวงจร
2128 1005,วงจรพัลส์และดิจิตอล
2128 2001,ระบบคอมพิวเตอร์และอุปกรณ์
2128 2002,การใช้งานระบบปฏิบัติการ
2128 2003,ไมโครโปรเซสเซอร์
2128 2004,ไมโครคอนโทรลเลอร์
2128 2005,พื้นฐานการอินเตอร์เฟส
2128 2006,การสร้างและพัฒนาหุ่นยนต์เบื้องต้น
2128 2007,โปรแกรมยูทิลิตี
2128 2008,พื้นฐานการจัดการฐานข้อมูล
2128 2009,พื้นฐานการเขียนโปรแกรมคอมพิวเตอร์
2128 2010,การใช้โปรแกรมคอมพิวเตอร์กราฟิก
2128 2011,พื้นฐานการสร้างเว็บไซต์
2128 2012,พื้นฐานเครือข่ายคอมพิวเตอร์
2128 2101,งานบริการคอมพิวเตอร์
2128 2102,การซ่อมบำรุงแหล่งจ่ายไฟคอมพิวเตอร์
2128 2103,การซ่อมบำรึงแผงวงจรหลัก
2128 2104,การซ่อมบำรุงเครื่องพิมพ์
2128 2105,การซ่อมบำรึงคอมพิวเตอร์พกพา
2128 2106,เครื่องรับโทรทัศน์และมอนิเตอร์
2128 2107,เขียนแบบเทคนิคด้วยคอมพิวเตอร์
2128 2108,โปรแกรมสำนักงาน
2128 2109,พื้นฐานการสร้างงานกราฟิกและแอนิเมชัน
2128 2110,พื้นฐานการออกแบบและพัฒนาเว็บไซต์
2128 2111,โปรแกรมเชิงวัตถุ 1
2128 2112,โปรแกรมเชิงวัตถุ 2
2128 2113,การเขียนโปรแกรมประยุกต์บนอุปกรณ์พกพา
2128 2114,พื้นฐานการใช้งานระบบปฏิบัติการลินุกซ์
2128 2115,พื้นฐานการใช้งานระบบฐานข้อมูลบนเครือข่าย
2128 2116,การใช้งานโปรแกรมระบบเครือข่ายคอมพิวเตอร์
2128 2117,เครื่องมือวัดไฟฟ้าและอิเล็กทรอนิกส์
2128 2118,ไอซีและการประยุกต์ใช้งาน
2128 2119,นิวเมติกส์และไฮดรอลิกส์
2128 2120,โปรแกรมเมเบิลลอจิกคอนโทรลเลอร์
2128 2121,อิเล็กทรอนิกส์อุตสาหกรรม
2128 2122,ระบบเสียงและระบบภาพ
2128 2123,การตัดต่อเสียงและภาพด้วยคอมพิวเตอร์
2128 2124,ระบบสื่อสารโทรคมนาคม
2128 8001,ฝึกงาน
2128 8002,ฝึกงาน 1
2128 8003,ฝึกงาน 2
2128 8501,โครงการ
2128 8503,โครงการ 2
2200 1001,เศรษฐศาสตร์เบื้องต้น
2200 1002,การบัญชีเบื้องต้น 1
2200 1003,การบัญชีเบื้องต้น 2
2200 1004,การขายเบื้องต้น 1
2200 1005,การขายเบื้องต้น 2
2200 1006,พิมพ์ดีดไทยเบื้องต้น
2200 1007,พิมพ์ดีดอังกฤษเบื้องต้น
2200 1008,กฎหมายพาณิชย์
2201 1008,กฎหมายพาณิชย์
2201 8001,ฝึกงาน
2201 8501,โครงการ
2204 2001,คอมพิวเตอร์ในงานธุรกิจ
2204 2002,ระบบปฎิบัติการเบื้องต้น
2204 2003,เครือข่ายคอมพิวเตอร์เบื้องต้น
2204 2004,คณิตศาสตร์คอมพิวเตอร์
2204 2005,คอมพิวเตอร์และการบำรุงรักษา
2204 2006,พื้นฐานการเขียนโปรแกรมคอมพิวเตอร์
2204 2007,การเขียนโปรแกรมบนมาตรฐานเปิด
2204 2008,โปรแกรมจัดการฐานข้อมูล
2204 2009,การสร้างเว็บไซต์
2204 2101,องค์ประกอบศิลป์สำหรับงานคอมพิวเตอร์
2204 2103,โปรแกรมตารางคำนวณ
2204 2104,การผลิตสื่อสิ่งพิมพ์
2204 2105,โปรแกรมกราฟิก
2204 2106,โปรแกรมมัลติมีเดียเพื่อการนำเสนอ
2204 2107,การเขียนโปรแกรมโดยใช้เครื่องมือกราฟิกโหมด
2204 2108,โปรแกรมประมวลผลคำ
2204 2109,โปรแกรมสำเร็จรูปทางสถิติ
2204 8001,ฝึกงาน
2204 8501,โครงการ
2901 1001,ระบบปฏิบัติการเบื้องต้น
2901 1002,การใช้โปรแกรมอรรถประโยชน์
2901 1003,คณิตศาสตร์คอมพิวเตอร์
2901 1004,การสร้างเว็บเบื้องต้น
2901 1005,คอมพิวเตอร์กราฟิกเบื้องต้น
2901 1006,เทคโนโลยีสารสนเทศและการสื่อสาร
2901 1007,เครือข่ายคอมพิวเตอร์เบื้องต้น
2901 2001,โปรแกรมประมวลผลคำ
2901 2002,โปรแกรมตารางคำนวณ
2901 2003,โปรแกรมนำเสนองาน
2901 2004,การเขียนโปรแกรมคอมพิวเตอร์เบื้องต้น
2901 2005,การจัดการฐานข้อมูลเบื้องต้น
2901 2006,การพัฒนาเว็บด้วยภาษาเอชทีเอ็มแอล
2901 2007,การโปรแกรมเว็บเบื้องต้น
2901 2008,โปรแกรมเชิงวัตถุเบื้องต้น
2901 2009,ภาษาสอบถามข้อมูลเชิงโครงสร้างเบื้องต้น
2901 2010,ระบบรักษาความปลอดภัยคอมพิวเตอร์เบื้องต้น
2901 2011,การสร้างภาพเคลื่อนไหวเบื้องต้น
2901 2012,การสร้างเกมคอมพิวเตอร์เบื้องต้น
2901 2101,กฎหมายคอมพิวเตอร์และเทคโนโลยีสารสนเทศ
2901 2102,หลักการระบบคอมพิวเตอร์
2901 2103,โปรแกรมระบบจำลองการทำงานคอมพิวเตอร์
2901 2104,ปัญหาพิเศษเทคโนโลยีสารสนเทศ
2901 2105,วิทยาการก้าวหน้าการโปรแกรมคอมพิวเตอร์
2901 2106,วิทยาการก้าวหน้าระบบอินเตอร์เน็ต
2901 2107,การใช้งานโปรแกรมประยุกต์บนอุปกรณ์คอมพิวเตอร์พกพา
2901 2108,การเขียนโปรแกรมติดต่อผู้ใช้แบบกราฟิก
2901 2109,ปฏิบัติงานการพัฒนาโปรแกรมคอมพิวเตอร์
2901 2110,การบำรุงรักษาคอมพิวเตอร์
2901 2111,งานบริการคอมพิวเตอร์และเทคโนโลยีสารสนเทศ
2901 2112,วิทยาการก้าวหน้าระบบเครือข่ายคอมพิวเตอร์
2901 2113,เทคโนโลยีเครือข่ายไร้สาย
2901 2114,วิทยาการก้าวหน้าระบบเครือข่ายไร้สาย
2901 2115,ระบบเครือข่ายโทรศัพท์เคลื่อนที่
2901 2116,การใช้งานโปรแกรมระบบเครือข่ายคอมพิวเตอร์
2901 2117,ความปลอดภัยบนเครือข่าย
2901 2118,ปฏิบัติงานเครือข่ายคอมพิวเตอร์
2901 2119,ดิจิตอลเบื้องต้น
2901 2120,เทคโนโลยีระบบสมองกลฝังตัว
2901 2121,วิทยาการก้าวหน้าระบบสมองกลฝังตัว
2901 2122,งานไฟฟ้าและอิเล็กทรอนิกส์เบื้องต้น
2901 2123,อุปกรณ์ไฟฟ้าและอิเล็กทรอนิกส์เบื้องต้น
2901 2124,เครื่องมือวัดไฟฟ้าและอิเล็กทรอนิกส์
2901 2125,ไมโครโปรเซสเซอร์เบื้องต้น
2901 2126,ไมโครคอนโทรลเลอร์เบื้องต้น
2901 2127,การโปรแกรมภาษาแอสแซมบลี
2901 2128,การโปรแกรมไมโครคอนโทรลเลอร์เบื้องต้น
2901 2129,การใช้งานโปรแกรมการควบคุมด้วยคอมพิวเตอร์
2901 2130,การประยุกต์ใช้งานระบบควบคุมคอมพิวเตอรื
2901 2131,ปฏิบัติงานพัฒนาระบบควบคุมด้วยคอมพิวเตอร์
2901 2132,เทคโนโลยีมัลตืมีเดีย
2901 2133,ปฏิบัติงานการสร้างเกมและแอนิเมชัน
2901 2134,วิทยาการก้าวหน้าด้านเกมและแอนิเมชัน
2901 2135,การสร้างงานกราฟิกและแอนิเมชัน
2901 2136,งานกราฟิกสองมิติ
2901 2137,งานกราฟิกสามมิติ
2901 2138,ระบบภาพและเสียง
2901 2139,พื้นฐานการทำดนตรีประกอบภาพเคลื่อนไหวหรือเกมคอมพิวเตอร์
2901 2140,พื้นฐานการตัดต่อภาพเคลื่อนไหวและวีดีโอดิจิตอล
2901 8001,ฝึกงาน
2901 8501,โครงการ
2901 9001,การเขียนโปรแกรมภาษาไพธอนเบื้องต้น
2901 9002,ระบบปฏิบัติการยูนิกส์เบื้องต้น
2901 9003,การพิมพ์ดีดแบบสัมผัสในคอมพิวเตอร์
2901 9004,ระบบอินเทอร์เฟส
2901 9005,วงจรพัลส์และดิจิตอล
2901 9006,การผลิตสื่อดิจิตอล
2901 9007,การผลิตสื่อสิ่งพิมพ์
3000 1101,ภาษาไทยเพื่อสื่อสารในงานอาชีพ
3000 1102,การเขียนเชิงวิชาชีพ
3000 1103,ภาษาไทยเพื่อการนำเสนองาน
3000 1104,การพูดเพื่อสื่อสารงานอาชีพ
3000 1105,การเขียนรายงานการปฏิบัติงาน
3000 1201,ภาษาอังกฤษเพื่อการสื่อสารทางธุรกิจและสังคม
3000 1202,กลยุทธ์การอ่านและการเขียนภาษาอังกฤษ
3000 1203,ภาษาอังกฤษสำหรับการปฏิบัติงาน
3000 1204,ภาษาอังกฤษโครงงาน
3000 1205,การเรียนภาษาอังกฤษผ่านเว็บไซต์
3000 1206,การสนทนาภาษาอังกฤษ 1
3000 1207,การสนทนาภาษาอังกฤษ 2
3000 1208,ภาษาอังกฤษธุรกิจในงานอาชีพ
3000 1209,ภาษาอังกฤษเทคโนโลยีช่างอุตสาหกรรม
3000 1301,วิทยาศาสตร์เพื่องานไฟฟ้าและการสื่อสาร
3000 1302,วิทยาศาสตร์เพื่องานเครื่องกลและการผลิต
3000 1304,วิทยาศาสตร์เพื่องานก่อสร้างและตกแต่งภายใน
3000 1312,การจัดการทรัพยากร พลังงานและสิ่งแวดล้อม
3000 1313,วิทยาศาสตร์และเทคโนโลยีเพื่อชีวิต
3000 1402,คณิตศาสตร์อุตสาหกรรม
3000 1404,คณิตศาสตร์และสถิติเพื่องานอาชีพ
3000 1406,แคลคูลัสพื้นฐาน
3000 1503,มนุษยสัมพันธ์กับปรัชญาของเศรษฐกิจพอเพียง
3000 1505,การเมืองการปกครองของไทย
3000 1601,การพัฒนาทักษะชีวิตเพื่อสุขภาพและสังคม
3000 1604,เทคนิคการพัฒนาสุขภาพในการทำงาน
3000 1606,การคิดอย่างเป็นระบบ
3000 1607,สารสนเทศเพื่อการเรียนรู้
3000 1610,คุณภาพชีวิตเพื่อการทำงาน
3000 2001,กิจกรรมองค์การวิชาชีพ 1
3000 2002,กิจกรรมองค์การวิชาชีพ 2
3000 2003,กิจกรรมองค์การวิชาชีพ 3
3000 2004,กิจกรรมองค์การวิชาชีพ 4
3000*2001,กิจกรรมร่วมสถานประกอบการ
3000*2002,กิจกรรมร่วมสถานประกอบการ
3000*2003,กิจกรรมร่วมสถานประกอบการ
3001 1001,การบริหารงานคุณภาพในองค์การ
3001 1002,กฎหมายทั่วไปเกี่ยวกับงานอาชีพ
3001 2001,เทคโนโลยีสารสนเทศเพื่อการจัดการอาชีพ
3001_2006,คอมพิวเตอร์เพื่องานออกแบบสถาปัตยกรรม
3100 0001,งานเทคนิคพื้นฐาน
3100 0002,เขียนแบบเทคนิค
3100 0003,งานไฟฟ้าและอิเล็กทรอนิกส์
3100 0004,วัสดุช่าง
3100 0005,งานวัดละเอียด
3100 0006,งานชิ้นส่วนเครื่องกลทั่วไป
3100 0007,งานเชื่อมและโลหะแผ่น
3100 0008,งานคอมพิวเตอร์เบื้องต้น
3100 0009,งานเครื่องมือกลเบื้องต้น
3100 0101,กลศาสตร์วิศวกรรม
3100 0102,กลศาสตร์ของไหล
3100 0104,นิวเมติกส์และไฮดรอลิกส์
3100 0105,ความแข็งแรงของวัสดุ
3100 0109,เทอร์โมไดนามิกส์
3100 0111,โลหะวิทยา
3100 0116,การออกแบบเครื่องจักรกล
3100 0117,การควบคุมคุณภาพ
3100 0118,ความปลอดภัยและการควบคุมมลพิษ
3100 0121,การศึกษางาน
3100 0125,การจัดการความปลอดภัย
3100 0224,เทคนิคการควบคุมและบำบัดน้ำเสีย
3100 0225,เทคนิคการควบคุมมลพิษทางอากาศ
3100 0226,เทคนิคการควบคุมมลพิษเสียงและความสั่นสะเทือน
3100 0301,ทฤษฎีโครงสร้าง
3101 2001,งานส่งถ่ายกำลัง
3101 2002,เครื่องทำความเย็นและปรับอากาศ
3101 2003,เครื่องยนต์สันดาปภายใน
3101 2004,เชื้อเพลิงและวัสดุหล่อลื่น
3101 2005,งานทดลองเครื่องกล
3101 2006,งานเครื่องล่างรถยนต์
3101 2101,งานระบบเครื่องยนต์แก๊สโซลีนควบคุมด้วยอิเล็กทรอนิกส์
3101 2102,งานระบบเครื่องยนต์ดีเซลควบคุมด้วยอิเล็กทรอนิกส์
3101 2103,งานเทคโนโลยียานยนต์สมัยใหม่
3101 2104,งานไฟฟ้ายานยนต์
3101 2105,งานปรับแต่งเครื่องยนต์
3101 2106,งานเชื้อเพลิงแก๊สรถยนต์
3101 2107,งานเกียร์อัตโนมัติ
3101 2108,งานเครื่องล่างและส่งกำลังยานยนต์
3101 2109,การตรวจวิเคราะห์ยานยนต์
3101 2110,เทคโนโลยีดีเซล
3101 2111,งานตัวถังและพ่นสียานยนต์
3101 2112,งานปรับอากาศยานยนต์
3101 2113,งานเครื่องมือกลยานยนต์
3101 2801,ระบบขนส่งทางราง
3101 2802,การจัดการระบบขนส่งทางราง
3101 2803,ล้อและระบบรองรับน้ำหนักรถไฟ
3101 2804,ระบบเบรกรถไฟ
3101 2805,ระบบปรับอากาศรถไฟ
3101 2806,บริหารงานบำรุงรักษาเครื่องกลระบบขนส่งทางราง
3101 2807,งานซ่อมบำรุงเครื่องกลระบบขนส่งทางราง
3101 4101,ปฏิบัติงานเทคนิคยานยนต์ 1
3101 4102,ปฏิบัติงานเทคนิคยานยนต์ 2
3101 4103,ปฏิบัติงานเทคนิคยานยนต์ 3
3101 4104,ปฏฺบัติงานเทคนิคยานยนต์ 4
3101 5101,งานเทคนิคยานยนต์ 1
3101 5102,งานเทคนิคยานยนต์ 2
3101 5103,งานเทคนิคยานยนต์ 3
3101 5104,งานเทคนิคยานยนต์ 4
3101 5801,งานเทคเครื่องกลระบบขนส่งทางราง 1
3101 5802,งานเทคเครื่องกลระบบขนส่งทางราง 2
3101 5803,งานเทคเครื่องกลระบบขนส่งทางราง 3
3101 8001,ฝึกงาน
3101 8501,โครงการ
3102 2001,เทคนิคการผลิตชิ้นส่วนเครื่องมือกล 1
3102 2002,เขียนแบบด้วยโปรแกรมคอมพิวเตอร์
3102 2003,โปรแกรมซีเอ็นซี
3102 2004,เทคนิคการผลิตด้วยเครื่องมือกลซีเอ็นซี
3102 2005,ออกแบบและผลิตด้วยโปรแกรมคอมพิวเตอร์
3102 2006,มาตรวิทยาอุตสาหกรรม
3102 2007,นิวเมติกส์และไฮดรอลิกอุตสาหกรรม
3102 2101,เทคนิคเขียนแบบเครื่องมือกล
3102 2102,เทคนิคการผลิตชิ้นส่วนเครื่องมือกล 2
3102 2103,เทคนิคการผลิตชิ้นส่วนเครื่องมือกล 3
3102 2104,เทคนิคการผลิตชิ้นส่วนเครื่องมือกล 4
3102 2203,เทคนิคการผลิตแม่พิมพ์ตัดเจาะโลหะ
3102 2204,เทคนิคการผลิตแม่พิมพ์พับและขึ้นรูปโลหะ
3102 2205,เทคนิคการผลิตแม่พิมพ์แบบต่อเนื่อง
3102 2207,การออกแบบแม่พิมพ์โลหะ
3102 2401,เทคนิคเขียนแบบชิ้นส่วนยานยนต์
3102 2402,กรรมวิธีการผลิตชิ้นส่วนยานยนต์
3102 2403,ผลิตชั้นส่วนยานยนต์ด้วยแม่พิมพ์โลหะ
3102 2406,ผลิตอุปกรณ์ตรวจสอบชิ้นส่วนยานยนต์
3102 2407,ระบบการผลิตอัตโนมัติ
3102 2408,เครื่องมือตัดในงานอุตสาหกรรมชิ้นส่วนยานยนต์
3102 2409,กรรมวิธีการผลิตชิ้นส่วนยานยนต์ด้วยแม่พิมพ์
3102 5101,งานเครื่องมือกล 1
3102 5102,งานเครื่องมือกล 2
3102 5103,งานเครื่องมือกล 3
3102 5104,งานเครื่องมือกล 4
3102 5401,งานเทคนิคการผลิตชิ้นส่วนยานยนต์ 1
3102 5402,งานเทคนิคการผลิตชิ้นส่วนยานยนต์ 2
3102 5403,งานเทคนิคการผลิตชิ้นส่วนยานยนต์ 3
3102 5404,งานเทคนิคการผลิตชิ้นส่วนยานยนต์ 4
3102 5405,งานเทคนิคการผลิตชิ้นส่วนยานยนต์ 5
3102 5406,งานเทคนิคการผลิตชิ้นส่วนยานยนต์ 6
3102 8001,ฝึกงาน
3102 8002,ฝึกงาน 1
3102 8003,ฝึกงาน 2
3102 8501,โครงการ
3102 8502,โครงการ 1
3102 8503,โครงการ 2
3102 9001,เทคนิคการประมาณราคา
3102 9002,เทคนิคการอบชุบโลหะ
3103 2001,วัสดุในการเชื่อม
3103 2002,การออกแบบรอยต่อ และสัญลักษณ์ในงานเชื่อม
3103 2003,มาตรฐานงานเชื่อม 1
3103 2004,เทคโนโลยีการเชื่อม
3103 2005,วัสดุและโลหะวิทยา
3103 2006,งานเขียนแบบเทคนิคโลหะด้วยคอมพิวเตอร์
3103 2007,ทดสอบวัสดุ
3103 2101,มาตรฐานงานเชื่อม 2
3103 2102,โลหะวิทยางานเชื่อม
3103 2103,การตรวจสอบคุณภาพงานเชื่อม
3103 2104,การทดสอบงานเชื่อมโดยทำลาย
3103 2105,การทดสอบงานเชื่อมโดยไม่ทำลาย
3103 2201,ออกแบบผลิตภัณฑ์โลหะ
3103 2202,อุปกรณ์จับยึดงานเชื่อมและขึ้นรูปผลิตภัณฑ์โลหะ
3103 2203,กรรมวิธีการขึ้นรูปและประกอบผลิตภัณฑ์โลหะ
3103 2204,เทคโนโลยีงานเชื่อมงานผลิตภัณฑ์โลหะ
3103 2205,การตกแต่งผิวสำเร็จและงานเคลื่อบผิวงานผลิตภัณฑ์โลหะ
3103 8001,ฝึกงาน
3103 8501,โครงการ
3104 0001,การเขียนแบบและประมาณราคาไฟฟ้า
3104 0002,เครื่องมือวัดและวงจรไฟฟ้า
3104 0003,เครื่องกลไฟฟ้าเบื้องต้น
3104 0004,การติดตั้งไฟฟ้าในและนอกอาคาร
3104 0005,มอเตอร์ไฟฟ้าและการควบคุม
3104 1001,วงจรไฟฟ้า
3104 1002,เครื่องวัดไฟฟ้า
3104 1003,ดิจิตอลประยุกต์
3104 1004,การเขียนโปรแกรมคอมพิวเตอร์ในงานควบคุมไฟฟ้า
3104 2001,การติดตั้งไฟฟ้า 1
3104 2002,การออกแบบระบบไฟฟ้า
3104 2003,เครื่องกลไฟฟ้า 1
3104 2004,การเขียนแบบไฟฟ้าด้วยคอมพิวเตอร์
3104 2005,การส่งและจ่ายไฟฟ้า
3104 2006,ระบบควบคุมในงานอุตสาหกรรม
3104 2007,เครื่องปรับอากาศอุตสาหกรรม
3104 2101,อิเล็กทรอนิกส์กำลัง 1
3104 2102,เครื่องกลไฟฟ้า 2
3104 2103,ไมโครคอนโทรลเลอร์
3104 2104,วงจรอิเล็กทรอนิกส์
3104 2105,การขับเคลื่อนด้วยไฟฟ้า
3104 2106,ปัญหาพิเศษเครื่องกลไฟฟ้า
3104 2107,วิทยาการก้าวหน้าเครื่องกลไฟฟ้า 1
3104 2108,วิทยาการก้าวหน้าเครื่องกลไฟฟ้า 2
3104 2201,การติดตั้งไฟฟ้า 2
3104 2202,การประมาณการระบบไฟฟ้า
3104 2203,การส่องสว่าง
3104 2204,ระบบไฟฟ้าและระบบสื่อสารในอาคาร
3104 2205,การป้องกันระบบไฟฟ้ากำลัง
3104 2206,ซ่อมบำรุงระบบไฟฟ้า
3104 2207,การป้องกันฟ้าผ่าและระบบการต่อลงดิน
3104 2208,ปัญหาพิเศษการติดตั้งไฟฟ้า
3104 2209,วิทยาการก้าวหน้าการติดตั้งไฟฟ้า
3104 2501,เครื่องทำความเย็น
3104 2502,ซ่อมบำรุงมอเตอร์ในงานอุตสาหกรรม
3104 2503,ซ่อมบำรุงปั๊มในงานอุตสาหกรรม
3104 2504,เครื่องมือวัดและอุปกรณ์ป้องกันไฟฟ้าในระบบจำหน่าย
3104 2505,ซ่อมบำรุงอุปกรณ์ไฟฟ้าในระบบจำหน่าย
3104 2701,ไฟฟ้าในระบบขนส่งทางราง
3104 2702,อาณัติสัญญาณในระบบขนส่งทางราง
3104 2703,ระบบอาณัติสัญญาณบนบอร์ด และระบบอาณัติสัญญาณไฟสี
3104 2704,ระบบแปลงพลังงานไฟฟ้า ระบบแสงสว่างและระบบขับเคลื่อน
3104 2705,ระบบอินเตอร์ล็อก ระบบซีทีซี และทีซีเอ็มเอส
3104 2706,งานบำรุงรักษาระบบไฟฟ้าในระบบขนส่งทางราง
3104 5101,งานไฟฟ้าควบคุม 1
3104 5102,งานไฟฟ้าควบคุม 2
3104 5103,งานไฟฟ้าควบคุม 3
3104 5104,งานไฟฟ้าควบคุม 4
3104 5201,งานไฟฟ้ากำลัง 1
3104 5202,งานไฟฟ้ากำลัง 2
3104 5203,งานไฟฟ้ากำลัง 3
3104 5204,งานไฟฟ้ากำลัง 4
3104 5701,งานบำรุงรักษาระบบไฟฟ้าในระบบขนส่งทางราง 1
3104 5702,งานบำรุงรักษาระบบไฟฟ้าในระบบขนส่งทางราง 2
3104 5703,งานบำรุงรักษาระบบไฟฟ้าในระบบขนส่งทางราง 3
3104 5704,งานบำรุงรักษาระบบไฟฟ้าในระบบขนส่งทางราง 4
3104 8001,ฝึกงาน
3104 8501,โครงการ
3104 9001,อิเล็กทรอนิกส์อุตสาหกรรม
3104 9002,เทคนิคการเชื่อมต่อคอมพิวเตอร์ในงานควบคุม
3104 9003,เซลล์แสงอาทิตย์และการประยุกต์ใช้
3104 9009,โรงต้นกำลังไฟฟ้า
3105 0001,งานพื้นฐานวงจรไฟฟ้าและการวัด
3105 0002,เขียนแบบอิเล็กทรอนิกส์
3105 0003,งานพื้นฐานวงจรอิเล็กทรอนิกส์
3105 0004,งานพื้นฐานวงจรพัลส์และดิจิตอล
3105 0005,งานพื้นฐานระบบเสียงและระบบภาพ
3105 1001,การวิเคราะห์วงจรไฟฟ้า
3105 1002,เครื่องมือวัดไฟฟ้าและอิเล็กทรอนิกส์
3105 1003,การวิเคราะห์วงจรอิเล็กทรอนิกส์
3105 2001,พัลส์เทคนิค
3105 2002,ดิจิตอลเทคนิค
3105 2003,การวิเคราะห์วงจรอิเล็กทรอนิกส์ความถี่สูง
3105 2004,ออปแอมป์และลิเนียร์ไอซี
3105 2005,อิล็กทรอนิกส์อุตสาหกรรม
3105 2006,เทคนิคเครื่องรับส่งวิทยุ
3105 2007,ไมโครคอนโทรลเลอร์
3105 2008,การเขียนโปรแกรมคอมพิวเตอร์
3105 2009,ระบบเสียงและระบบภาพ
3105 2010,การออกแบบวงจรอิเล็กทรอนิกส์ด้วยคอมพิวเตอร์
3105 2101,ระบบโทรคมนาคม
3105 2102,นิวเมติกส์และไฮดรอลิกส์
3105 2103,อิเล็กทรอนิกส์กำลัง
3105 2104,เครื่องมือวัดอิเล็กทรอนิกส์ในอุตสาหกรรม
3105 2105,โปรแกรมเมเบิลลอจิกคอนโทรล
3105 2106,หุ่นยนต์ในงานอุตสาหกรรม
3105 2117,เทคนิคการอินเทอร์เฟส
3105 5101,งานอิเล็กทรอนิกส์อุตสาหกรรม 1
3105 5102,งานอิเล็กทรอนิกส์อุตสาหกรรม 2
3105 5103,งานอิเล็กทรอนิกส์อุตสาหกรรม 3
3105 5104,งานอิเล็กทรอนิกส์อุตสาหกรรม 4
3105 8001,ฝึกงาน
3105 8501,โครงการ
3105 8502,โครงการ 1
3105 8503,โครงการ 2
3105 9002,พื้นฐานสนามแม่เหล็กไฟฟ้า
3105 9003,เทคโนโลยีคอมพิวเตอร์และอุปกรณ์
3106 0001,พื้นฐานงานไม้
3106 0002,พื้นฐานงานปูน
3106 0003,พื้นฐานงานสำรวจ
3106 0004,อ่านแบบเขียนแบบงานก่อสร้าง
3106 0005,กลศาสตร์เบื้องต้น
3106 0006,พื้นฐานประมาณราคาก่อสร้าง
3106 0007,วัสดุและเทคนิคการทำงาน
3106 2001,เขียนแบบก่อสร้างด้วยคอมพิวเตอร์
3106 2002,งานก่อสร้างโครงสร้างอาคาร
3106 2003,งานก่อสร้างส่วนประกอบอาคาร
3106 2004,ประมาณราคางานก่อสร้างอาคาร
3106 2005,เทคนิควิธีการก่อสร้าง
3106 2006,การตรวจและควบคุมงานก่อสร้าง
3106 2007,งานสำรวจเพื่อการก่อสร้างอาคาร
3106 2008,เขียนแบบประยุกต์ด้วยคอมพิวเตอร์
3106 2102,การทดสอบวัสดุก่อสร้าง
3106 2108,คอนกรีตเทคโนโลยี
3106 2109,ปฐพีกลศาสตร์
3106 2110,กฎหมายและสัญญาก่อสร้าง
3106 2111,ความปลอดภัยในงานก่อสร้าง
3106 8001,ฝึกงาน
3106 8501,โครงการ
3106 8502,โครงการ 1
3106 8503,โครงการ 2
3106 9005,โครงการงานก่อสร้างอาคาร
3107 5701,งานบำรุงรักษาระบบไฟฟ้าในระบบขนส่งทางราง 1
3108 2001,การออกแบบสถาปัตยกรรม 1
3108 2002,การออกแบบสถาปัตยกรรม 2
3108 2105,อุปกรณ์อาคาร 2
3108 2106,การออกแบบโครงสร้างคอนกรีตเสริมเหล็กเสริมเหล็ก
3108 2107,สถาปัตยกรรมไทย 2
3108 2108,สภาวะแวดล้อม 2
3108 2109,อุปกรณ์อาคาร 2
3108 2110,การถ่ายภาพ
3108 2112,การสำรวจ
3108 2113,วัสดุและอุปกรณ์ตกแต่งภายใน
3108 2115,การออกแบบเขียนแบบภูมิสถาปัตยกรรม 2
3108 2116,การออกแบบเขียนแบบสถาปัตยกรรมภายใน 2
3108 2117,การเขียนแบบสถาปัตยกรรมด้วยคอมพิวเตอร์ 2
3108 2118,ปฎิบัติงานวิชาชีพสถาปัตยกรรม 1
3108 2119,ปฏิบัติงานวิชาชีพสถาปัตยกรรม 2
3108 4101,ปฏิบัติงานเทคนิคสถาปัตยกรรม 1
3108 4102,ปฏิบัติงานเทคนิคสถาปัตยกรรม 2
3108 4103,ปฏิบัติงานเทคนิคสถาปัตยกรรม 3
3108 4104,ปฏิบัติงานเทคนิคสถาปัตยกรรม 4
3108 6001,โครงการ
3110 2001,ออกแบบและเขียนแบบเครื่องกลด้วยคอมพิวเตอร์
3110 2002,ออกแบบและเขียนแบบเพื่อนำเสนอด้วยคอมพิวเตอร์
3110 2003,ออกแบบและเขียนแบบเครื่องจักรกลด้วยคอมพิวเตอร์
3110 2004,ออกแบบและเขียนแบบจิ๊กและฟิกเจอร์ด้วยคอมพิวเตอร์
3110 2005,ออกแบบและเขียนแบบแม่พิมพ์พลาสติกด้วยคอมพิวเตอร์
3110 2006,ออกแบบและเขียนแบบแม่พิมพ์โลหะด้วยคอมพิวเตอร์
3110 2007,ออกแบบและเขียนแบบระบบท่ออุตสาหกรรมด้วยคอมพิวเตอร์
3110 2101,พิกัดความคลาดเคลื่อนของรูปทรงเรขาคณิตและขนาด
3110 2102,ออกแบบและผลิตด้วยโปรแกรมคอมพิวเตอร์
3110 2103,โปรแกรมซีเอ็นซี
3110 2104,ออกแบบและเขียนแบบด้วยคอมพิวเตอร์
3110 2105,ออกแบบและเขียนแบบผลิตภัณฑ์ด้วยคอมพิวเตอร์
3110 2106,ออกแบบและเขียนแบบระบบส่งกำลังด้วยคอมพิวเตอร์
3110 2107,ออกแบบและเขียนแบบผังโรงงานด้วยคอมพิวเตอร์
3110 2108,ประมาณการออกแบบและเขียนแบบ
3110 2109,หลักการออกแบบวิศวกรรม
3110 2110,ออกแบบและเขียนแบบโครงสร้างเหล็กด้วยคอมพิวเตอร์
3110 2111,ออกแบบและเขียนแบบระบบขนถ่ายอุตสาหกรรมด้วยคอมพิวเตอร์
3110 2112,ออกแบบและเขียนแบบระบบท่อสุขภัณฑ์ด้วยคอมพิวเตอร์
3110 2113,ออกแบบและเขียนแบบไฟฟ้าอุตสาหกรรมด้วยคอมพิวเตอร์
3110 2114,ออกแบบและเขียนแบบก่อสร้างด้วยคอมพิวเตอร์
3110 8001,ฝึกงาน
3110 8501,โครงการ
3111 0001,งานนิวแมติกส์และไฮดรอลิกส์
3111 0002,เทคนิคงานบำรุงรักษาเบื้องต้น
3111 2001,เทคโนโลยีวัสดุอุตสาหกรรม
3111 2002,การเขียนแบบเพื่อการสื่อสารทางเทคนิค
3111 2003,เทคโนโลยีชิ้นส่วนเครื่องกล
3111 2004,เทคโนโลยีการวัดและตรวจสอบ
3111 2005,งานบำรุงรักษาทวีผลโดยทุกคนมีส่วนร่วม
3111 2006,งานเทคโนโลยีเครื่องมือกล
3111 2007,โปรแกรมคอมพิวเตอร์เพื่องานอุตสาหกรรม
3111 2008,งานควบคุมระบบอัตโนมัติ
3111 2009,เทคนิคการจัดการความปลอดภัย
3111 2010,เทคโนโลยีการขนถ่ายวัสดุ
3111 2101,งานบำรุงรักษาเชิงป้องกัน
3111 2102,งานบำรุงรักษาเชิงแก้ไขปรับปรุง
3111 2103,งานวางผังโรงงานและติดตั้ง
3111 2104,ออกแบบเครื่องจักรกล
3111 2105,ระบบจัดการพลังงานในอุตสาหกรรม
3111 2201,งานเครื่องจักรกลของไหล
3111 2202,งานเครื่องจักรกลของแข็ง
3111 2203,งานเครื่องจักรกลความร้อน
3111 2204,งานไฟฟ้าในอุตสาหกรรมการผลิต
3111 2205,เทคโนโลยีการผลิต
3111 2206,เทคนิคการควบคุมคุณภาพ
3111 2207,เทคนิคการศึกษางาน
3111 2208,งานสร้างอุปกรณ์นำเจาะและจับยึด
3111 2209,เทคโนโลยีซีเอ็นซี
3111 5101,งานติดตั้งและบำรุงรักษา 1
3111 5102,งานติดตั้งและบำรุงรักษา 2
3111 5103,งานติดตั้งและบำรุงรักษา 3
3111 5104,งานติดตั้งและบำรุงรักษา 4
3111 8001,ฝึกงาน
3111 8501,โครงการ
3111 9001,เทคนิคงานเชื่อมและการตรวจสอบ
3138 2002,การจัดการระบบขนส่งทางราง
3212 2134,ภาษาจีน 1
3900 0001,การใช้งานคอมพิวเตอร์และโปรแกรมสำเร็จรูป
3900 0003,การใช้โปรแกรมมัลติมีเดียในสาขางานอาชีพ
3900 0005,การโปรแกรมคอมพิวเตอร์ในสาขางานอาชีพ
3900 0009,เครือข่ายคอมพิวเตอร์เบื้องต้น
3900 0010,งานติดตั้งระบบคอมพิวเตอร์ในสาขางานอาชีพ
3900 0015,การพิมพ์ดีดแบบสัมผัส
3901 1001,การโปรแกรมคอมพิวเตอร์เชิงโครงสร้าง
3901 1002,การโปรแกรมเว็บด้วยภาษา HTML
3901 1003,ระบบฐานข้อมูลและการออกแบบ
3901 2001,โครงสร้างข้อมูลและอัลกอริทึม
3901 2002,การวิเคราะห์และออกแบบเชิงวัตถุ
3901 2003,การพัฒนาระบบฐานข้อมูล
3901 2004,ระบบปฏิบัติการเครื่องแม่ข่าย
3901 2005,การโปรแกรมเชิงวัตถุด้วยเทคโนโลยีจาวา
3901 2006,การออกแบบและพัฒนาเว็บไซต์
3901 2007,การพัฒนาเว็บด้วยเทคโนโลยีจาวา
3901 2101,สถาปัตยกรรมคอมพิวเตอร์และระบบปฎิบัติการ
3901 2102,การโปรแกรมเชิงวัตถุด้วยภาษาคอมพิวเตอร์เชิงวัตถุ
3901 2103,การโปรแกรมเชิงวัตถุด้วยเทคโนโลยีจาวาขั้นสูง
3901 2104,การพัฒนาโปรแกรมด้วยเทคโนโลยีดอตเน็ต
3901 2105,การสร้างและจัดการเว็บไซต์
3901 2106,พื้นฐานและการใช้งาน XML
3901 2107,การพัฒนาเว็บด้วยภาษา PHP
3901 2108,การพัฒนาเว็บด้วยเทคโนโลยีดอตเน็ต
3901 2109,การพัฒนาเว็บเซอร์วิส
3901 2111,การบำรุงรักษาเครือข่ายคอมพิวเตอร์
3901 2115,การพัฒนาโปรแกรมบนอุปกรณ์มือถือ
3901 2119,การวิเคราะห์และออกแบบระบบ
3901 8001,ฝึกงาน
3901 8501,โครงการ
